sample_id,anno,codice_caseificio,data_seduta,path_fetta_primaria,path_grana_primaria,caption,n_attributi_usati,n_panelisti,tokens_usati,timestamp_generazione
TN311_2020-09-30,2020,TN311,2020-09-30,07_captioning risultati grana Trentino\TrentinGrana\2020-2021_Trentingrana\I bimestre\2020-09-30_Seduta_05\P4a_TN311_Fetta.bmp,07_captioning risultati grana Trentino\TrentinGrana\2020-2021_Trentingrana\I bimestre\2020-09-30_Seduta_05\P4a_TN311_Grana.bmp,"Il profumo è caratterizzato da una nota di grasso di prosciutto crudo, accompagnata da una leggera sfumatura bruciata e una complessità limitata, con un richiamo al cremoso caramello. Il sapore risulta anonimo e poco espresso, con una sensazione di freschezza che ricorda un formaggio poco stagionato, senza note sgradevoli. L'aroma presenta una componente non gradevole, bilanciata da sentori di burro fresco e una marcata lattonosità. La struttura della pasta appare variabile, con zone grasse alternate a zone secche e una finezza non sempre uniforme. [FINE]",6,6,1158,2026-03-09T17:46:21.068095
TN323_2020-09-23,2020,TN323,2020-09-23,07_captioning risultati grana Trentino\TrentinGrana\2020-2021_Trentingrana\I bimestre\2020-09-23_Seduta_04\P4a_TN323_Fetta.bmp,07_captioning risultati grana Trentino\TrentinGrana\2020-2021_Trentingrana\I bimestre\2020-09-23_Seduta_04\P4a_TN323_Grana.bmp,"Il profumo è intenso, con note di latte e una piacevole sensazione di freschezza. Il sapore si presenta equilibrato, non dolce e con una leggera acidità che arricchisce l'esperienza gustativa. La texture, purtroppo, risulta tenera, un aspetto che potrebbe essere migliorato. [FINE]",3,3,931,2026-03-09T17:46:26.930744
TN305_2018-10-03,2018,TN305,2018-10-03,07_captioning risultati grana Trentino\TrentinGrana\2018-2019_Trentingrana\2018-10-03\P2a_305_fetta.bmp,07_captioning risultati grana Trentino\TrentinGrana\2018-2019_Trentingrana\2018-10-03\P2a_305_grana.bmp,"Il profumo è caratterizzato da note fruttate e una leggera presenza di verdura lessa, con accenni di burro fuso e ananas, anche se risulta poco intenso e con qualche nota di rancido. Il sapore si presenta dolce-sapido, con un equilibrio di umami, ma con una piccantezza eccessiva che compromette l'armonia complessiva. L'aroma è dominato da sentori lattici, accompagnati da note fruttate e di brodo animale, ma con una presenza di rancido. La texture è morbida e pastosa, con una certa umidità e pochi granuli di tirosina, mentre la struttura della pasta è disomogenea, con aree stirate e una microocchiatura fine. Il colore della pasta è molto carico al centro, con aloni rosa e scuri che evidenziano una mancanza di omogeneità. Lo spessore della crosta è mediamente di 9-10 mm, con spigoli ben definiti.",7,11,1758,2026-03-09T17:46:32.645615
TN313_2021-01-27,2020,TN313,2021-01-27,07_captioning risultati grana Trentino\TrentinGrana\2020-2021_Trentingrana\IV bimestre\2021-01-27_Seduta_19\P3_TN313_258_FETTA_A.bmp,07_captioning risultati grana Trentino\TrentinGrana\2020-2021_Trentingrana\IV bimestre\2021-01-27_Seduta_19\P3_TN313_258_GRANA_A.bmp,"Il profumo è caratterizzato da una nota lattica dominante, con sentori di burro fresco e una leggera sfumatura di bruciato. Il sapore presenta una leggera punta di dolcezza, che arricchisce l'esperienza gustativa. La texture si rivela abbastanza solubile, anche se si percepisce una certa carenza di cristalli. Il colore della pasta è chiaro, ma non presenta tonalità paglierine. [FINE]",4,3,993,2026-03-09T17:46:35.720007
TN302_2019-03-13,2018,TN302,2019-03-13,07_captioning risultati grana Trentino\TrentinGrana\2018-2019_Trentingrana\2019-03-13\P1a_302_fetta.bmp,07_captioning risultati grana Trentino\TrentinGrana\2018-2019_Trentingrana\2019-03-13\P1a_302_grana.bmp,"Il profumo è caratterizzato da un'intensità moderata, con note di pane, frutta secca, latte e una leggera presenza di panna, accompagnate da sentori di burro fuso e vegetale secco, ma anche da una lieve puzza di tele bagnate — difetto. Il sapore si presenta con una leggera piccantezza e un gusto pieno, ma salato, con una dolcezza marcata e una sapidità contenuta, risultando complessivamente equilibrato, sebbene alcuni panelisti segnalino un leggero sbilanciamento tra salato e amaro. L'aroma è dominato da note di latte cotto e panna, con una discreta intensità, ma presenta anche una lieve nota ossidata. La texture è morbida e granulosa, con cristalli presenti, mentre la struttura della pasta mostra una frattura regolare con grana fine e microocchiature diffuse. Il colore della pasta è giallo tenue, con un alone centrale che tende al rosato. Lo spessore della crosta è mediamente di 1,2 cm, con variazioni di spessore tra i lati.",7,11,1979,2026-03-09T17:46:41.221858
TN316_2019-10-23,2019,TN316,2019-10-23,07_captioning risultati grana Trentino\TrentinGrana\2019-2020_Trentingrana\II bimestre\2019-10-23_Seduta_08\P5a_TN316_Fetta.bmp,07_captioning risultati grana Trentino\TrentinGrana\2019-2020_Trentingrana\II bimestre\2019-10-23_Seduta_08\P5a_TN316_Grana.bmp,"Il profumo è caratterizzato da note di solvente acetone. Il sapore presenta un buon equilibrio, ma risulta mancante di dolcezza e mostra una leggera amarezza. La texture è poco granulosa. [FINE]",3,3,895,2026-03-09T17:46:43.948851
TN313_2018-12-05,2018,TN313,2018-12-05,07_captioning risultati grana Trentino\TrentinGrana\2018-2019_Trentingrana\2018-12-05\P4a_313_fetta.bmp,07_captioning risultati grana Trentino\TrentinGrana\2018-2019_Trentingrana\2018-12-05\P4a_313_grana.bmp,"Il profumo è poco complesso, tendente allo stallatico e presenta note di frutta fermentata, con un carattere stantio e bruciato. Il sapore risulta acido, con una leggera piccantezza e un amaro che non è equilibrato, mentre manca di salato. L'aroma è meglio percepito rispetto al profumo, con sentori di panna e burro, ma presenta anche note putride. La texture è dura con difficoltà di solubilità e presenta scarissimi granuli di tirosina, risultando asciutta e compatta. La struttura della pasta è grossolana, con fratture irregolari e profonde, e una grana poco profilata. Il colore della pasta è giallo chiaro, con un alone centrale accentuato e tonalità poco sature. Lo spessore della crosta è mediamente di 9 mm, con spigoli pronunciati.",7,11,1852,2026-03-09T17:46:47.428554
TN338_2018-10-24,2018,TN338,2018-10-24,07_captioning risultati grana Trentino\TrentinGrana\2018-2019_Trentingrana\2018-10-24\P6a_338_fetta.bmp,07_captioning risultati grana Trentino\TrentinGrana\2018-2019_Trentingrana\2018-10-24\P6a_338_grana.bmp,"Il profumo è caratterizzato da note di nocciola, burro e latte cotto, con una presenza di sentori di stalla e insilato, anche se l'intensità è decisamente scarsa. Il sapore si presenta equilibrato, con note dolci e un umami intenso, ma con una leggera astringenza e una percezione di amaro e acidità. L'aroma è complesso, con toni tostati e una leggera nota di liquirizia e legno, sebbene il tostato risulti eccessivo. La texture è abbastanza dura e umida, con una grana fine, ma risulta anche asciutta e poco solubile, lasciando un residuo. La struttura della pasta è disomogenea, con una zona centrale stirata e una grana media esterna, mentre il colore della pasta mostra un alone centrale scuro su uno sfondo giallo medio tendente al chiaro. Lo spessore della crosta è variabile e disomogeneo, con una media di 12 mm.",7,12,1762,2026-03-09T17:46:51.948595
TN310_2020-03-04,2019,TN310,2020-03-04,07_captioning risultati grana Trentino\TrentinGrana\2019-2020_Trentingrana\V bimestre\2020-03-04_Seduta_25\P3a_TN310_Fetta.bmp,07_captioning risultati grana Trentino\TrentinGrana\2019-2020_Trentingrana\V bimestre\2020-03-04_Seduta_25\P3a_TN310_Grana.bmp,"Il profumo è caratterizzato da note di cacao amaro vecchio e un accenno medicinale. Il sapore si presenta con un amaro netto. La texture è caratterizzata da una friabilità e granulosità elevate, mentre la struttura della pasta tende a essere ruvida in un'area centrale. Il colore della pasta è abbastanza omogeneo, con la presenza di una potenziale macchia al centro non considerata nel voto.",5,3,1021,2026-03-09T17:46:54.077359
TN330_2021-01-13,2020,TN330,2021-01-13,07_captioning risultati grana Trentino\TrentinGrana\2020-2021_Trentingrana\IV bimestre\2021-01-13_Seduta_17\P6_TN330_353_FETTA_A.bmp,07_captioning risultati grana Trentino\TrentinGrana\2020-2021_Trentingrana\IV bimestre\2021-01-13_Seduta_17\P6_TN330_353_GRANA_A.bmp,"Il profumo è caratterizzato da una nota non molto espressiva ma con una persistenza lunga. Il sapore si distingue per la sua non dolcezza, con un leggero piccante che emerge. L'aroma, pur non essendo molto intenso, si fa apprezzare per la sua persistenza. La texture risulta forse leggermente tenera, mentre la struttura della pasta presenta molte fratture sotto un piatto, piccole fratture orizzontali e spacchi in mezza forma, con un accenno di disidratazione che causa piccole fessure. Il colore della pasta è di un bel paglierino.",5,4,1078,2026-03-09T17:46:56.754715
TN314_2021-01-13,2020,TN314,2021-01-13,07_captioning risultati grana Trentino\TrentinGrana\2020-2021_Trentingrana\IV bimestre\2021-01-13_Seduta_17\P3_TN314_726_FETTA_A.bmp,07_captioning risultati grana Trentino\TrentinGrana\2020-2021_Trentingrana\IV bimestre\2021-01-13_Seduta_17\P3_TN314_726_GRANA_A.bmp,"Il profumo è assente. Il sapore è caratterizzato da una prevalenza di note acide, amare e salate. La texture risulta astringente. La struttura della pasta presenta una profonda fessura centrale di 7-8 cm, con una buona grana ma anche una grossa fessura e occhiatura nella zona angolo, evidenziando un'enorme fessura e una consistente fessura. [FINE]",3,4,985,2026-03-09T17:46:59.775698
TN316_2021-02-17,2020,TN316,2021-02-17,07_captioning risultati grana Trentino\TrentinGrana\2020-2021_Trentingrana\V bimestre\2021-02-17_Seduta_22\P2_TN316_543_FETTA_A.bmp,07_captioning risultati grana Trentino\TrentinGrana\2020-2021_Trentingrana\V bimestre\2021-02-17_Seduta_22\P2_TN316_543_GRANA_A.bmp,"Il profumo è caratterizzato da una media intensità, con note di solvente liquame e richiami a croste di polenta. Il sapore si presenta pieno, mentre l'aroma è arricchito da cristalli di sale e una leggera nota di pera. La texture è ingozzante, con un leggero accenno di asciutto. La struttura della pasta mostra una microocchiatura diffusissima e disomogenea, con piccole strappi e una spugnatura che chiude il discorso. Il colore della pasta è più saturo al centro. Lo spessore della crosta è disomogeneo, con una presenza di unghia enorme.",7,7,1169,2026-03-09T17:47:04.138468
TN328_2020-10-28,2020,TN328,2020-10-28,07_captioning risultati grana Trentino\TrentinGrana\2020-2021_Trentingrana\II bimestre\2020-10-28_Seduta_09\P6A_TN328_781_FETTA.bmp,07_captioning risultati grana Trentino\TrentinGrana\2020-2021_Trentingrana\II bimestre\2020-10-28_Seduta_09\P6A_TN328_781_GRANA.bmp,"Il profumo è poco complesso, con un fondo di bruciato che penalizza l'esperienza olfattiva. Il sapore presenta un buon equilibrio, con un umami contenuto e una prevalente tendenza dolce. L'aroma richiama il burro fresco, risultando molto lattico. La texture è compatta, mentre la struttura della pasta mostra una differenza tra gli scalzi e il centro.",5,4,1008,2026-03-09T17:47:06.935185
TN306_2021-02-10,2020,TN306,2021-02-10,07_captioning risultati grana Trentino\TrentinGrana\2020-2021_Trentingrana\IV bimestre\2021-02-10_Seduta_21\P2_TN306_938_FETTA_A.bmp,07_captioning risultati grana Trentino\TrentinGrana\2020-2021_Trentingrana\IV bimestre\2021-02-10_Seduta_21\P2_TN306_938_GRANA_A.bmp,"Il profumo è molto complesso. Il sapore risulta equilibrato. La texture è solo leggermente asciutta. La crosta presenta un'ampia sottoscritta, ma è stata descritta con punteggi negativi da alcuni panelisti, risultando in un difetto.",4,2,937,2026-03-09T17:47:08.973424
TN316_2020-12-02,2020,TN316,2020-12-02,07_captioning risultati grana Trentino\TrentinGrana\2020-2021_Trentingrana\III bimestre\2020-12-02_Seduta_13\P5_TN316_971_FETTA_A.bmp,07_captioning risultati grana Trentino\TrentinGrana\2020-2021_Trentingrana\III bimestre\2020-12-02_Seduta_13\P5_TN316_971_GRANA_A.bmp,"Il profumo è assente. Il sapore risulta scarno e non pieno. L'aroma non è apprezzabile. La texture presenta una mezza forma, con una parte caratterizzata da grana grossa regolare e l'altra stirata con occhi e fessure. Sono presenti molti piccoli occhi da circa 3-4 mm, perlopiù su metà forma. [FINE]",3,4,980,2026-03-09T17:47:11.547367
TN310_2019-01-23,2018,TN310,2019-01-23,07_captioning risultati grana Trentino\TrentinGrana\2018-2019_Trentingrana\2019-01-23\P3a_310_fetta.bmp,07_captioning risultati grana Trentino\TrentinGrana\2018-2019_Trentingrana\2019-01-23\P3a_310_grana.bmp,"Il profumo è caratterizzato da note di frutta matura, vegetale e sentori di bruciato, con una presenza di odori difettosi come pozzo di scarico e fermentato — difetto. Il sapore risulta eccessivamente sapido e non equilibrato, con una leggera piccantezza e un finale amaro, mentre l'acidità è marcata. L'aroma presenta sfumature di fermentato e verdura lessa, con note stantie e una certa riconducibilità a formaggi diversi dal TrentinGrana — difetto. La texture è cedevole e umida, con una grana fine e pochi cristalli, risultando poco friabile e con una media solubilità. La struttura della pasta è dura e compatta, con granuli di tirosina moderati. Il colore della pasta mostra un alone centrale scuro, con variazioni da giallo chiaro a carico verso il centro. Lo spessore della crosta è buono, con una media di 11 mm, risultando piatto e scalzo.",7,10,1890,2026-03-09T17:47:15.789295
TN313_2020-12-18,2020,TN313,2020-12-18,07_captioning risultati grana Trentino\TrentinGrana\2020-2021_Trentingrana\III bimestre\2020-12-18_Seduta_16\P2_TN313_457_FETTA_A.bmp,07_captioning risultati grana Trentino\TrentinGrana\2020-2021_Trentingrana\III bimestre\2020-12-18_Seduta_16\P2_TN313_457_GRANA_A.bmp,"Il profumo è caratterizzato da un odore anomalo, simile a quello di un altro formaggio. Il sapore presenta note di amaro e salato prevalenti, con leggere sensazioni di amaro e piccante. La texture scricchiola, ma non presenta cristalli. La struttura della pasta mostra la presenza di un occhio di circa 5 mm.",4,3,991,2026-03-09T17:47:25.516940
TN330_2018-10-10,2018,TN330,2018-10-10,07_captioning risultati grana Trentino\TrentinGrana\2018-2019_Trentingrana\2018-10-10\P6a_330_fetta.bmp,07_captioning risultati grana Trentino\TrentinGrana\2018-2019_Trentingrana\2018-10-10\P6a_330_grana.bmp,"Il profumo è poco intenso e complesso, con note di burro fuso e una lieve traccia di stantio, accompagnato da un accenno di fruttato e tostatura. Il sapore si presenta equilibrato, con una piccantezza decisa e una sapidità elevata, tendente all'amaro e con un finale leggermente piccante. L'aroma rivela note non tipiche del TrentinGrana, con sentori di stalla e stantio, insieme a una leggera percezione di cuoio. La texture è mediamente asciutta e granulosa, con buona presenza di cristalli di tirosina, sebbene alcuni panelisti notino una sensazione di umidità e morbidezza eccessiva. La struttura della pasta è caratterizzata da una frattura regolare e omogenea, con una grana ben evidente. Il colore della pasta è chiaro e uniforme, con un bel giallo saturo. Lo spessore della crosta è di media di circa 10 mm, con variazioni tra i piatti e gli scalzi.",7,13,1824,2026-03-09T17:47:30.012276
TN319_2018-10-03,2018,TN319,2018-10-03,07_captioning risultati grana Trentino\TrentinGrana\2018-2019_Trentingrana\2018-10-03\P3a_319_fetta.bmp,07_captioning risultati grana Trentino\TrentinGrana\2018-2019_Trentingrana\2018-10-03\P3a_319_grana.bmp,"Il profumo è abbastanza equilibrato, con note floreali e fruttate, fresche e pannose, accompagnate da un leggero sentore di fermentato e tostato, sebbene risulti anche debole e scarno. Il sapore presenta una dolcezza prevalente, con una sapidità contenuta e un retrogusto leggermente amaro, evidenziando una piccantezza eccessiva — difetto. L'aroma è caratterizzato da note lattiche di latte cotto e vegetali, ma si percepiscono anche sentori di formaggio vecchio e bruciato, risultando nel complesso debole e poco gradevole. La texture è granulosa ma non molto solubile, con una buona friabilità e presenza di cristalli. La struttura della pasta mostra una microocchiatura centrale tendente allo stirato, con fratture e striature diffuse. Il colore della pasta è chiaro e omogeneo, mentre lo spessore della crosta è medio, variando da 9 a 11 mm.",7,11,1818,2026-03-09T17:47:39.531906
TN326_2018-11-28,2018,TN326,2018-11-28,07_captioning risultati grana Trentino\TrentinGrana\2018-2019_Trentingrana\2018-11-28\P5a_326_fetta.bmp,07_captioning risultati grana Trentino\TrentinGrana\2018-2019_Trentingrana\2018-11-28\P5a_326_grana.bmp,"Il profumo è caratterizzato da note animali che si alleggeriscono, rivelando sentori di pane, burro e latte cotto, accompagnati da una freschezza di latte e muschio, con un accenno salato e fruttato-floreale. Il sapore presenta un certo equilibrio, con una dolcezza nel finale e una nota amara presente, mentre l'umami e il salato si fanno sentire in modo forte. L'aroma è complesso, con richiami al latte, burro e tostati, insieme a una sfumatura animale e di crosta di grana. La texture è morbida e asciutta, con una buona presenza di cristalli che tendono a impastare, mentre la microstruttura è fine e friabile. La struttura della pasta è granulosa e omogenea, con fratture e crepe che non compromettono la qualità. Il colore della pasta è giallo paglierino chiaro, omogeneo, con variazioni di tonalità verso il cuore. Lo spessore della crosta è ben distinto, misurando circa 0,8 cm.",7,9,1524,2026-03-09T17:47:44.296877
TN316_2019-02-27,2018,TN316,2019-02-27,07_captioning risultati grana Trentino\TrentinGrana\2018-2019_Trentingrana\2019-02-27\P4a_316_fetta.bmp,07_captioning risultati grana Trentino\TrentinGrana\2018-2019_Trentingrana\2019-02-27\P4a_316_grana.bmp,"Il profumo è caratterizzato da note vegetali e di burro fresco, con una buona intensità che ricorda il latte cotto e il caramello, accompagnato da un lieve sentore bruciato. Il sapore presenta un'intensità medio-bassa, con una leggera piccantezza e salinità, ma anche una nota amara persistente che brucia leggermente la lingua. L'aroma si distingue per un brodo vegetale e un leggero sentore di cotto, con una predominanza di note di caramello e tostatura. La texture è morbida e pastosa, con una friabilità non piena e cristalli di tirosina assenti, risultando poco granulosa e poco solubile. La struttura della pasta mostra una frattura irregolare con microocchiature diffuse e aree tendenti allo stirato. Il colore della pasta è mediamente carico, con aloni rosati e macchie diffuse, mentre lo spessore della crosta è irregolare, con una media di circa 9 mm.",7,8,1823,2026-03-09T17:47:49.052933
TN338_2019-11-20,2019,TN338,2019-11-20,07_captioning risultati grana Trentino\TrentinGrana\2019-2020_Trentingrana\III bimestre\2019-11-20_Seduta_12\P6a_TN338_Fetta.bmp,07_captioning risultati grana Trentino\TrentinGrana\2019-2020_Trentingrana\III bimestre\2019-11-20_Seduta_12\P6a_TN338_Grana.bmp,"Il profumo è leggero. Il sapore risulta poco salato. La texture è compatta, con poca grana e manca completamente di cristalli. [FINE]",3,3,880,2026-03-09T17:47:50.664269
TN313_2020-01-15,2019,TN313,2020-01-15,07_captioning risultati grana Trentino\TrentinGrana\2019-2020_Trentingrana\IV bimestre\2020-01-15_Seduta_19\P5a_TN313_Fetta.bmp,07_captioning risultati grana Trentino\TrentinGrana\2019-2020_Trentingrana\IV bimestre\2020-01-15_Seduta_19\P5a_TN313_Grana.bmp,"Il profumo è assente. Il sapore risulta caratterizzato da una piccantezza eccessiva — difetto. La texture è molle. La struttura della pasta presenta microocchiatura, che non penalizza troppo. [FINE]",3,3,897,2026-03-09T17:47:52.807159
TN323_2020-01-22,2019,TN323,2020-01-22,07_captioning risultati grana Trentino\TrentinGrana\2019-2020_Trentingrana\IV bimestre\2020-01-22_Seduta_20\P5a_TN323_Fetta.bmp,07_captioning risultati grana Trentino\TrentinGrana\2019-2020_Trentingrana\IV bimestre\2020-01-22_Seduta_20\P5a_TN323_Grana.bmp,"Il profumo è caratterizzato da un'intensità leggera, con note di panna e burro, ma poco complesso. Il sapore presenta un'acidità e un'amarezza predominanti, con una leggera nota dolciastro. La texture è friabile, arricchita da piccoli cristalli, e si presenta farinoso e asciutto nel finale. La struttura della pasta è leggera, con una occhiatura lieve che non penalizza, mentre il grana è non fine ma omogeneo, con una piccolissima zona striata in periferia. Il colore della pasta mostra un alone centrale leggerissimo. Lo spessore della crosta presenta un colore che sfuma su una base molto carica.",6,4,1135,2026-03-09T17:47:56.029893
TN313_2019-01-16,2018,TN313,2019-01-16,07_captioning risultati grana Trentino\TrentinGrana\2018-2019_Trentingrana\2019-01-16\P2a_313_fetta.bmp,07_captioning risultati grana Trentino\TrentinGrana\2018-2019_Trentingrana\2019-01-16\P2a_313_grana.bmp,"Il profumo è mediamente intenso, con note di panna, burro fuso e un leggero sentore vegetale, accompagnato da accenni di brodo. Il sapore presenta una sapidità bassa e una dolcezza elevata, con un equilibrio di sapori che include una leggera piccantezza e un accenno di acidità; nel complesso, risulta un po' scarico. L'aroma è caratterizzato da panna e burro, con una piacevole nota di crosta di formaggio e un leggero sentore animale. La texture è un po' umida e mediamente granulosa, con presenza di cristalli, mentre la struttura della pasta mostra una frattura irregolare e una microocchiatura diffusa, risultando non omogenea. Il colore della pasta è giallo chiaro, con tonalità cariche e omogenee, mentre lo spessore della crosta è marcato, superando il centimetro.",7,11,1997,2026-03-09T17:47:59.799786
TN310_2020-09-16,2020,TN310,2020-09-16,07_captioning risultati grana Trentino\TrentinGrana\2020-2021_Trentingrana\I bimestre\2020-09-16_Seduta_03\P3a_TN310_Fetta.bmp,07_captioning risultati grana Trentino\TrentinGrana\2020-2021_Trentingrana\I bimestre\2020-09-16_Seduta_03\P3a_TN310_Grana.bmp,"Il profumo è caratterizzato da una moderata intensità, ma non risulta gradevole. Il sapore si presenta un po' troppo salato, tendente all'acido con una punta di piccante alla fine — difetto. L'aroma è percepito come non gradevole. La texture è molto asciutta. La struttura della pasta è più evidente nel centro. Il colore della pasta mostra un alone centrale rosato, con lievi sfumature giallo chiaro ai bordi. Lo spessore della crosta presenta buoni angoli.",6,6,1078,2026-03-09T17:48:02.266078
TN328_2020-01-08,2019,TN328,2020-01-08,07_captioning risultati grana Trentino\TrentinGrana\2019-2020_Trentingrana\IV bimestre\2020-01-08_Seduta_18\P4a_TN328_Fetta.bmp,07_captioning risultati grana Trentino\TrentinGrana\2019-2020_Trentingrana\IV bimestre\2020-01-08_Seduta_18\P4a_TN328_Grana.bmp,"Il profumo è caratterizzato da poca intensità. Il sapore risulta troppo piccante rispetto alle altre note, evidenziando una piccantezza eccessiva — difetto. L'aroma suggerisce una maggiore stagionatura. La texture è poco friabile e priva di cristalli. La struttura della pasta presenta tante piccole fratture e una presenza di troppe fessure, sebbene la pasta sia buona.",5,4,996,2026-03-09T17:48:05.090333
TN330_2019-02-13,2018,TN330,2019-02-13,07_captioning risultati grana Trentino\TrentinGrana\2018-2019_Trentingrana\2019-02-13\P6a_330_fetta.bmp,07_captioning risultati grana Trentino\TrentinGrana\2018-2019_Trentingrana\2019-02-13\P6a_330_grana.bmp,"Il profumo è moderato, con sentori di cottura e tostato, che richiamano il burro fuso e la panna, accompagnati da una leggera nota vegetale cotta. Il sapore presenta una salinità marcata, con una piccantezza e un amaro percepibili, risultando non equilibrato e con una leggera acidità. L'aroma è caratterizzato da note di crosta di formaggio e un accenno di ossidazione, con un retrogusto di lattici cotti. La texture si presenta granulosa e poco solubile, con una buona friabilità che lascia una sensazione di bocca disidratata, mentre i cristalli sono presenti ma non abbondanti. La struttura della pasta è non omogenea, con fratture a scaglie e microocchiature, mentre il colore della pasta è giallo chiaro con un alone centrale più carico e grigiastro. Lo spessore della crosta è medio-grosso, con variazioni che raggiungono oltre 1 cm.",7,10,1830,2026-03-09T17:48:11.322244
TN311_2021-02-03,2020,TN311,2021-02-03,07_captioning risultati grana Trentino\TrentinGrana\2020-2021_Trentingrana\IV bimestre\2021-02-03_Seduta_20\P2_TN311_441_FETTA_A.bmp,07_captioning risultati grana Trentino\TrentinGrana\2020-2021_Trentingrana\IV bimestre\2021-02-03_Seduta_20\P2_TN311_441_GRANA_A.bmp,"Il profumo è caratterizzato da note di crauti. Il sapore risulta allappante, contribuendo a un'esperienza gustativa intensa. La struttura della pasta presenta una bella grana, sebbene più grossolana all'esterno. Il colore della pasta mostra una certa variabilità, con la presenza di due zone di colore e alcune macchie poco visibili, tra cui una piccola macchia rossa e una macchia rosata. Lo spessore della crosta è nettamente più spesso in un piatto.",5,5,1043,2026-03-09T17:48:14.323819
TN316_2018-11-14,2018,TN316,2018-11-14,07_captioning risultati grana Trentino\TrentinGrana\2018-2019_Trentingrana\2018-11-14\P4a_316_fetta.bmp,07_captioning risultati grana Trentino\TrentinGrana\2018-2019_Trentingrana\2018-11-14\P4a_316_grana.bmp,"Il profumo è buono, con note di brodo, burro fuso e panna, accompagnate da una leggera percezione di vegetale dolce cotto e un accenno di tostato bruciato. Il sapore si presenta equilibrato, con una leggera amarezza che emerge, mentre l'aroma richiama la panna e il latte cotto, con un leggerissimo sentore di bruciato. La texture risulta umida e pastosa, con pochi cristalli, e in alcuni casi appare abbastanza adesiva. La struttura della pasta è irregolare, con una parte centrale stirata e microocchiature, mentre il colore della pasta è carico, con evidenti macchie rosa e scure centrali. Lo spessore della crosta è medio, con una misura di circa 10 mm.",7,11,1603,2026-03-09T17:48:18.569626
TN319_2021-10-13,2021,TN319,2021-10-13,07_captioning risultati grana Trentino\TrentinGrana\2021-2022_Trentingrana\2021-10-13_Seduta_03\P5a_TN319_406_Fetta.bmp,07_captioning risultati grana Trentino\TrentinGrana\2021-2022_Trentingrana\2021-10-13_Seduta_03\P5a_TN319_406_Grana.bmp,"Il profumo è assente. Il sapore presenta una nota in più, che arricchisce l'esperienza gustativa. L'aroma è caratterizzato da una leggera nota metallica. La texture si presenta asciutta, mentre la struttura della pasta risulta omogeneamente e completamente stirata, senza evidenti differenze. La crosta mostra un aspetto grigiastro da un lato, con una sottocrosta di colore diverso.",5,4,995,2026-03-09T17:48:21.417815
TN304_2018-10-24,2018,TN304,2018-10-24,07_captioning risultati grana Trentino\TrentinGrana\2018-2019_Trentingrana\2018-10-24\P1a_304_fetta.bmp,07_captioning risultati grana Trentino\TrentinGrana\2018-2019_Trentingrana\2018-10-24\P1a_304_grana.bmp,"Il profumo è caratterizzato da note di burro fuso e un'evidente tostatura, con accenni di fruttato mela e una leggera componente floreale, ma presenta anche elementi di insilato negativo e latte acido. Il sapore si distingue per un equilibrio complesso, con una predominanza di amaro e acidulo, accompagnato da una piccantezza pungente e un dolce percepibile. L'aroma rivela sentori di bruciato e note acide, con un'interpretazione non tipica che ricorda il gorgonzola. La texture è morbida, con molti cristalli di tirosina, ma risulta anche granulosa e leggermente asciutta. La struttura della pasta mostra una frattura regolare, sebbene con disomogeneità e microocchiature, mentre il colore della pasta presenta un giallo medio carico con macchie rosa e aloni disomogenei. Lo spessore della crosta è ben distinto dalla pasta, con una media di 8 mm, variabile ma generalmente consistente.",7,12,1812,2026-03-09T17:48:27.661949
TN323_2020-09-16,2020,TN323,2020-09-16,07_captioning risultati grana Trentino\TrentinGrana\2020-2021_Trentingrana\I bimestre\2020-09-16_Seduta_03\P5a_TN323_Fetta.bmp,07_captioning risultati grana Trentino\TrentinGrana\2020-2021_Trentingrana\I bimestre\2020-09-16_Seduta_03\P5a_TN323_Grana.bmp,"Il profumo è intenso, con un sentore di legno che si fa notare. Il sapore si presenta con una leggera piccantezza, ma è anche caratterizzato da una nota amara; la piccantezza è percettibile ma non eccessiva. La texture è equilibrata, mentre la struttura della pasta mostra una grana grassa, con la presenza di un occhio che evidenzia un ristagno di siero e due piccole fessure di 1 cm. [FINE]",5,5,1058,2026-03-09T17:48:31.958066
TN310_2018-10-10,2018,TN310,2018-10-10,07_captioning risultati grana Trentino\TrentinGrana\2018-2019_Trentingrana\2018-10-10\P3a_310_fetta.bmp,07_captioning risultati grana Trentino\TrentinGrana\2018-2019_Trentingrana\2018-10-10\P3a_310_grana.bmp,"Il profumo è caratterizzato da una nota di paglia e lettiera, con sentori di burro fuso e vegetali balsamici, accompagnati da accenni di nocciola e fieno. Tuttavia, emergono anche odori animali e putridi — difetto. Il sapore si presenta con una piccantezza evidente, accompagnata da un amaro persistente e salato, con una scarsa dolcezza. L'aroma rivela una nota di burro e pane tostato, ma anche un retrogusto animale e marcio. La texture è buona, con una grana asciutta e granulosa, caratterizzata dalla presenza di microcristalli. La struttura della pasta è ruvida e grossolana, con fratture e occhiature di dimensioni variabili. Il colore della pasta è carico, con sfumature rosa e una buona omogeneità. Lo spessore della crosta è medio, variando tra i 9 e i 15 mm.",7,13,1852,2026-03-09T17:48:37.777534
TN304_2018-11-07,2018,TN304,2018-11-07,07_captioning risultati grana Trentino\TrentinGrana\2018-2019_Trentingrana\2018-11-07\P1a_304_fetta.bmp,07_captioning risultati grana Trentino\TrentinGrana\2018-2019_Trentingrana\2018-11-07\P1a_304_grana.bmp,"Il profumo è poco intenso ma positivo, con note di vegetale lesso e lattico cotto, risultando caratteristico ma poco complesso. Il sapore è salato e leggermente piccante, con un buon umami che pizzica al palato, sebbene risulti complessivamente nella norma inferiore. L'aroma presenta sentori di latte cotto e burro, accompagnati da un accenno di brodo di carne, risultando caratteristico ma poco complesso. La texture è asciutta e granulosa, con cristalli poco solubili e una leggera adesività. La struttura della pasta mostra una frattura profonda e irregolare, con la presenza di occhiature e una certa disomogeneità, evidenziando un grave difetto centrale. Il colore della pasta è chiaro, con qualche leggera macchia rosa e una certa disomogeneità. Lo spessore della crosta è variabile, con misure di 8 cm su un lato e 6 cm sull'altro.",7,8,1627,2026-03-09T17:48:43.111646
TN326_2022-01-19,2021,TN326,2022-01-19,07_captioning risultati grana Trentino\TrentinGrana\2021-2022_Trentingrana\2022-01-19_Seduta_13\P4a_TN326_152_fetta.bmp,07_captioning risultati grana Trentino\TrentinGrana\2021-2022_Trentingrana\2022-01-19_Seduta_13\P4a_TN326_152_grana.bmp,Il profumo è assente. Il sapore è caratterizzato da una nota di polvere. L'aroma presenta anch'esso una sensazione di polvere. La texture è asciutta. La struttura della pasta mostra una bella conformazione in metà forma.,4,2,909,2026-03-09T17:48:45.117249
TN311_2018-10-31,2018,TN311,2018-10-31,07_captioning risultati grana Trentino\TrentinGrana\2018-2019_Trentingrana\2018-10-31\P4a_311_fetta.bmp,07_captioning risultati grana Trentino\TrentinGrana\2018-2019_Trentingrana\2018-10-31\P4a_311_grana.bmp,"Il profumo è intenso e abbastanza equilibrato, con una nota dominante di latte cotto che, su un pezzo, vira verso il bruciato. Si percepiscono sentori di burro fuso, panna e un leggero fermentato, con un accenno animale. Il sapore si presenta dolce e sapido, con una nota quasi rinfrescante e una lieve acidità; tuttavia, alcuni panelisti segnalano una piccantezza eccessiva — difetto. L'aroma offre note di frutta fermentata e latte bruciato, accompagnate da burro e un accenno di brodo animale con erbe amare. La texture è umida e cedevole, con una buona presenza di microcristalli, anche se alcuni la definiscono scarsa. La struttura della pasta è mista e regolare, con una frattura discreta e una grana piuttosto bella, sebbene alcuni notino una frattura irregolare. Il colore della pasta è omogeneo, di tonalità gialla media, con tendenze al carico. Lo spessore della crosta è uniforme, mediamente di 1 cm.",7,11,1766,2026-03-09T17:48:50.312073
TN314_2020-09-09,2020,TN314,2020-09-09,07_captioning risultati grana Trentino\TrentinGrana\2020-2021_Trentingrana\I bimestre\2020-09-09_Seduta_02\P6a_TN314_Fetta.bmp,07_captioning risultati grana Trentino\TrentinGrana\2020-2021_Trentingrana\I bimestre\2020-09-09_Seduta_02\P6a_TN314_Grana.bmp,"Il profumo è complesso, sebbene con un'intensità limitata. L'aroma presenta un lievissimo sentore, accompagnato da una nota di ragù. La texture è caratterizzata da molte fessure e una microocchiatura, con zone a grana grossolana molto limitate. [FINE]",4,4,977,2026-03-09T17:48:52.407915
TN311_2021-01-20,2020,TN311,2021-01-20,07_captioning risultati grana Trentino\TrentinGrana\2020-2021_Trentingrana\IV bimestre\2021-01-20_Seduta_18\P4_TN311_237_FETTA_A.bmp,07_captioning risultati grana Trentino\TrentinGrana\2020-2021_Trentingrana\IV bimestre\2021-01-20_Seduta_18\P4_TN311_237_GRANA_A.bmp,"Il profumo è caratterizzato da note di noce. Il sapore si presenta persistente con una sapidità importante. La texture è anche solubile, sebbene leggermente asciutta. [FINE]",4,2,920,2026-03-09T17:48:54.150763
TN311_2018-09-26,2018,TN311,2018-09-26,07_captioning risultati grana Trentino\TrentinGrana\2018-2019_Trentingrana\2018-09-26\P4a_311_fetta.bmp,07_captioning risultati grana Trentino\TrentinGrana\2018-2019_Trentingrana\2018-09-26\P4a_311_grana.bmp,"Il profumo è poco intenso, con note di burro cotto, brodo e un accenno vegetale che ricorda il burro fresco. Il sapore si presenta dolce e sapido, con una lieve piccantezza e una punta di amaro, anche se risulta sbilanciato verso il salato. L'aroma è meno complesso rispetto al profumo, con note di latte cotto e vegetali cotti, ma risulta comunque gradevole. La texture è umida e pastosa, con una certa solubilità, anche se presenta cristalli che lasciano una sensazione di sabbia fine in bocca. La struttura della pasta mostra una frattura abbastanza regolare, con una grana media e ben distribuita. Il colore della pasta è giallo carico e uniforme, mentre lo spessore della crosta è fine, con una leggera evidenza di colore bruno.",7,12,1768,2026-03-09T17:48:57.906830
TN323_2018-12-12,2018,TN323,2018-12-12,07_captioning risultati grana Trentino\TrentinGrana\2018-2019_Trentingrana\2018-12-12\P2a_323_fetta.bmp,07_captioning risultati grana Trentino\TrentinGrana\2018-2019_Trentingrana\2018-12-12\P2a_323_grana.bmp,"Il profumo è caratterizzato da un'insolita combinazione di insilato vegetale, note animali e un leggero sentore di burro fuso, con un accenno di brodo e una nota di vegetale balsamico. Il sapore si presenta equilibrato, con una dolcezza evidente e una leggera acidità, anche se alcuni panelisti segnalano una percezione di insipido. L'aroma è piacevole, con note di panna, vegetale e burro, accompagnate da un leggero cotto. La texture è morbida, ma tende a impastare, risultando poco granulosa e lasciando un residuo farinoso. La struttura della pasta mostra una microocchiatura centrale non fitta e una frattura regolare, con presenza di cristalli piccoli. Il colore della pasta è giallo intenso, omogeneo e carico, mentre lo spessore della crosta è spessa, con spigoli accentuati e una media di 12 mm.",7,10,1820,2026-03-09T17:49:02.364012
TN319_2020-12-09,2020,TN319,2020-12-09,07_captioning risultati grana Trentino\TrentinGrana\2020-2021_Trentingrana\III bimestre\2020-12-09_Seduta_14\P4_TN319_236_FETTA_A.bmp,07_captioning risultati grana Trentino\TrentinGrana\2020-2021_Trentingrana\III bimestre\2020-12-09_Seduta_14\P4_TN319_236_GRANA_A.bmp,"Il profumo è caratterizzato da una piacevole nota di nocciola. Il sapore si presenta con un retrogusto amaro, non dolce, evocando una certa complessità. La texture è molto irregolare, con una struttura che varia dall'inesistente al grossolano e presenta poca grana, evidenziando zone spagnole molto estese al centro della forma. [FINE]",4,4,1006,2026-03-09T17:49:04.700174
TN305_2022-06-08,2021,TN305,2022-06-08,07_captioning risultati grana Trentino\TrentinGrana\2021-2022_Trentingrana\2022-06-08_Seduta_28\P2a_TN305_159_Fetta.bmp,07_captioning risultati grana Trentino\TrentinGrana\2021-2022_Trentingrana\2022-06-08_Seduta_28\P2a_TN305_159_Grana.bmp,"Il profumo è sgradevole, con una nota di puzza che compromette l'esperienza olfattiva. La struttura della pasta presenta una fessura sotto la frattura, suggerendo una possibile anomalia. Il colore della pasta è sicuro sotto piatto.",3,3,923,2026-03-09T17:49:06.655056
TN307_2019-12-06,2019,TN307,2019-12-06,07_captioning risultati grana Trentino\TrentinGrana\2019-2020_Trentingrana\III bimestre\2019-12-06_Seduta_15\P2a_TN307_Fetta.bmp,07_captioning risultati grana Trentino\TrentinGrana\2019-2020_Trentingrana\III bimestre\2019-12-06_Seduta_15\P2a_TN307_Grana.bmp,"Il profumo è caratterizzato da una nota di lettiera, con un pezzo che presenta un pessimo odore — difetto. Il sapore offre un buon equilibrio, con una leggera acidità. L'aroma richiama nuovamente la lettiera. La texture mostra pochi cristalli.",4,4,935,2026-03-09T17:49:08.784958
TN306_2020-09-09,2020,TN306,2020-09-09,07_captioning risultati grana Trentino\TrentinGrana\2020-2021_Trentingrana\I bimestre\2020-09-09_Seduta_02\P4a_TN306_Fetta.bmp,07_captioning risultati grana Trentino\TrentinGrana\2020-2021_Trentingrana\I bimestre\2020-09-09_Seduta_02\P4a_TN306_Grana.bmp,"Il profumo è molto vegetale, ma poco intenso e poco complesso. Il sapore presenta gusti ben percettibili, tuttavia il piccante e l'acre non sono equilibrati e risultano persistenti — difetto. L'aroma è leggerissimo con una nota fermentata. La texture mostra una serie di fessure sotto un piatto. Il colore della pasta presenta un alone centrale particolarmente rosato, con un bordo più tendente al giallo chiaro. Lo spessore della crosta è considerato buono.",6,7,1085,2026-03-09T17:49:11.766582
TN323_2019-04-03,2018,TN323,2019-04-03,07_captioning risultati grana Trentino\TrentinGrana\2018-2019_Trentingrana\2019-04-03\P4a_323_fetta.bmp,07_captioning risultati grana Trentino\TrentinGrana\2018-2019_Trentingrana\2019-04-03\P4a_323_grana.bmp,"Il profumo è caratterizzato da un'intensità medio-forte, con note di latte intero, panna e brodo di carne, accompagnate da sentori di fermentato e insilato di mais. Si percepiscono anche accenni di caramella mou e vegetali, con un finale fruttato e lattico fresco. Il sapore presenta una leggera piccantezza e amarezza, con una componente salata e acida ben equilibrata, anche se risulta un po' modesto. L'aroma è di latte cotto e pasta cotta, con leggere note di crosta e ossidato, risultando buono. La texture è friabile e asciutta, con una microstruttura fine e cristalli presenti, ma con un residuo sabbioso. La struttura della pasta mostra una frattura regolare e una grana fine, con qualche irregolarità. Il colore della pasta è paglierino carico e omogeneo. Lo spessore della crosta è medio, intorno ai 10 mm, con una caratterizzazione sfumata.",7,11,1871,2026-03-09T17:49:17.192393
TN338_2020-12-16,2020,TN338,2020-12-16,07_captioning risultati grana Trentino\TrentinGrana\2020-2021_Trentingrana\III bimestre\2020-12-16_Seduta_15\P6_TN338_643_FETTA_A.bmp,07_captioning risultati grana Trentino\TrentinGrana\2020-2021_Trentingrana\III bimestre\2020-12-16_Seduta_15\P6_TN338_643_GRANA_A.bmp,"Il profumo è caratterizzato da note di liquirizia e caramello, ma presenta anche un forte sentore di dado e glutammato, risultando spiacevole. Il sapore è descritto come troppo sapido e cremoso. L'aroma è indefinito e dolciastro, con rimandi al dado e al caramello, ma non riesce a richiamare l'essenza del formaggio grana. La texture mostra una microocchiatura diffusissima, con occhi di 1 o 2 mm molto diffusi su un lato e più piccoli al centro. Il colore della pasta è pallido.",5,6,1153,2026-03-09T17:49:20.387898
TN314_2018-11-21,2018,TN314,2018-11-21,07_captioning risultati grana Trentino\TrentinGrana\2018-2019_Trentingrana\2018-11-21\P4a_314_fetta.bmp,07_captioning risultati grana Trentino\TrentinGrana\2018-2019_Trentingrana\2018-11-21\P4a_314_grana.bmp,"Il profumo è caratterizzato da note di latte acido, yogurt e fruttato, con accenni vegetali e animali, ma presenta anche elementi negativi di sedano e marcio. Il sapore si distingue per un equilibrio medio, con salato e umami, ma tende all'amaro e presenta un sapore glutammato molto negativo. L'aroma rivela note di emmenthal e fruttato, ma è accompagnato da percezioni di marcio e vegetale, risultando piuttosto negativo. La texture è dura, con pochi granuli e una struttura pastosa poco solubile, mentre la struttura della pasta è stirata, con microocchiture e fratture irregolari. Il colore della pasta è carico e omogeneo, con tendenze al rosa e al giallo nocciola. Lo spessore della crosta è medio, con spigoli pronunciati e una misura variabile tra 10 e 12 mm.",7,10,1563,2026-03-09T17:49:24.980758
TN304_2020-01-08,2019,TN304,2020-01-08,07_captioning risultati grana Trentino\TrentinGrana\2019-2020_Trentingrana\IV bimestre\2020-01-08_Seduta_18\P2a_TN304_Fetta.bmp,07_captioning risultati grana Trentino\TrentinGrana\2019-2020_Trentingrana\IV bimestre\2020-01-08_Seduta_18\P2a_TN304_Grana.bmp,"Il profumo è leggero e delicato, con note che si percepiscono in modo sottile. Il sapore presenta una piccantezza eccessiva — difetto, che potrebbe risultare poco equilibrata. L'aroma è descritto come molto leggero, senza particolari intensità. La texture è priva di cristalli, risultando quindi uniforme e liscia.",3,3,940,2026-03-09T17:49:27.317078
TN323_2018-09-19,2018,TN323,2018-09-19,07_captioning risultati grana Trentino\TrentinGrana\2018-2019_Trentingrana\2018-09-19\P5a_323_fetta.bmp,07_captioning risultati grana Trentino\TrentinGrana\2018-2019_Trentingrana\2018-09-19\P5a_323_grana.bmp,"Il profumo è caratterizzato da note lattiche bruciate e sentori di fermentato, con un accenno dolciastro e di cavolfiore cotto, che si mescolano a fragranze di grana e latte. Il sapore presenta una sapidità e umami elevati, con una piccantezza quasi bruciante in chiusura e un leggero retrogusto amaro, risultando complessivamente sbilanciato. La texture è eccellente, con cristalli ben percepibili e una sensazione friabile che lascia la bocca impastata. La struttura della pasta si presenta granulosa, con fratture irregolari e microocchiature, mentre il colore della pasta è giallo carico, non omogeneo e più intenso al centro. Lo spessore della crosta è nella norma, con una media di circa 10 mm, ma presenta irregolarità.",6,10,1561,2026-03-09T17:49:31.907398
TN311_2019-09-18,2019,TN311,2019-09-18,07_captioning risultati grana Trentino\TrentinGrana\2019-2020_Trentingrana\I bimestre\2019-09-18_Seduta_03\P1a_TN311_Fetta.bmp,07_captioning risultati grana Trentino\TrentinGrana\2019-2020_Trentingrana\I bimestre\2019-09-18_Seduta_03\P1a_TN311_Grana.bmp,"Il profumo è caratterizzato da note di caffè e cacao amaro. L'aroma non risulta tipico del grana, presentando una peculiarità che potrebbe destare interesse. La pasta mostra una fascia bianca con una zona diffusa rosa, un aspetto che suscita qualche disappunto.",3,2,917,2026-03-09T17:49:34.173688
TN305_2019-02-13,2018,TN305,2019-02-13,07_captioning risultati grana Trentino\TrentinGrana\2018-2019_Trentingrana\2019-02-13\P2a_305_fetta.bmp,07_captioning risultati grana Trentino\TrentinGrana\2018-2019_Trentingrana\2019-02-13\P2a_305_grana.bmp,"Il profumo è caratterizzato da una frutta matura di intensità alta, accompagnata da note animali e un sentore di crosta e brodo, con una leggera ossidazione. Il sapore risulta dolce e salato, ma manca di pienezza e umami, presentando un equilibrio tra gusti, anche se la piccantezza è praticamente assente. L'aroma è dominato da frutta matura e odori fermentati, con una nota di latte cotto, ma non tipico del TrentinGrana. La texture è elastica e granulosa, ma asciutta, con una friabilità quasi nulla e una certa gommosità. La struttura della pasta è non omogenea, con aree stirate e profonde fratture, mentre il colore della pasta è carico e aranciato, con sfumature intense. Lo spessore della crosta è medio, di circa 12 mm, con spigoli pronunciati.",7,10,1770,2026-03-09T17:49:39.795672
TN323_2021-01-27,2020,TN323,2021-01-27,07_captioning risultati grana Trentino\TrentinGrana\2020-2021_Trentingrana\IV bimestre\2021-01-27_Seduta_19\P5_TN323_753_FETTA_A.bmp,07_captioning risultati grana Trentino\TrentinGrana\2020-2021_Trentingrana\IV bimestre\2021-01-27_Seduta_19\P5_TN323_753_GRANA_A.bmp,"Il profumo è pannoso ed elegante, con una moderata intensità. Il sapore risulta pungente, con una leggera nota di piccantezza, che potrebbe essere attribuita a un eccesso di sale. La texture si presenta un po' umida. La struttura della pasta mostra un centro differente dalle zone periferiche, con una microocchiatura al centro che conferisce alla pasta una consistenza quasi spugnosa e piccole aree spagnole di pochi millimetri.",4,6,1035,2026-03-09T17:49:42.959013
TN330_2019-03-26,2018,TN330,2019-03-26,07_captioning risultati grana Trentino\TrentinGrana\2018-2019_Trentingrana\2019-03-26\P5a_330_fetta.bmp,07_captioning risultati grana Trentino\TrentinGrana\2018-2019_Trentingrana\2019-03-26\P5a_330_grana.bmp,"Il profumo è caratterizzato da una nota di burro fuso e tostato, con un'intensità moderata, ma presenta anche un elemento fermentato che inizialmente risulta negativo. Il sapore si rivela acido e amaro, con una leggera piccantezza e una sapidità medio elevata, sebbene alcuni lo trovino insapore. L'aroma è poco intenso e poco caratteristico, con sentori di crosta di formaggio e una nota lattica di burro fuso, ma con un accenno di stantio. La texture è mediamente asciutta e granulosa, con granuli di tirosina percepibili, ma risulta poco solubile e con un residuo sabbioso. La struttura della pasta presenta una microocchiatura granulosa non omogenea e una frattura regolare, con zone spugnose e occhiature di dimensioni variabili. Il colore della pasta è carico, soprattutto al centro, e non omogeneo, con sfumature rosate. Lo spessore della crosta è spesso e non uniforme, con una media di 11 mm.",7,7,1827,2026-03-09T17:49:47.262285
TN323_2018-12-05,2018,TN323,2018-12-05,07_captioning risultati grana Trentino\TrentinGrana\2018-2019_Trentingrana\2018-12-05\P5a_323_fetta.bmp,07_captioning risultati grana Trentino\TrentinGrana\2018-2019_Trentingrana\2018-12-05\P5a_323_grana.bmp,"Il profumo è complesso e intenso, con note di burro cotto, crosta e un accenno di muffa, accompagnato da sentori di latte cotto e tostatura. Il sapore si presenta pieno e equilibrato, con una leggera dolcezza e una percezione di amaro e umami, culminando in un finale leggermente piccante. L'aroma è ricco, con sentori di panna, burro e tostatura, arricchito da note fruttate fermentate. La texture è asciutta e presenta cristalli evidenti, risultando comunque morbida e friabile. La struttura della pasta mostra una microocchiatura centrale ruvida, con zone spugnose e una buona presenza di grana fine. Il colore della pasta è giallo chiaro, con sfumature rosate e macchie disomogenee. Lo spessore della crosta è disomogeneo, con una media di 11 mm.",7,11,1840,2026-03-09T17:49:53.037864
TN326_2021-02-17,2020,TN326,2021-02-17,07_captioning risultati grana Trentino\TrentinGrana\2020-2021_Trentingrana\V bimestre\2021-02-17_Seduta_22\P4_TN326_285_FETTA_A.bmp,07_captioning risultati grana Trentino\TrentinGrana\2020-2021_Trentingrana\V bimestre\2021-02-17_Seduta_22\P4_TN326_285_GRANA_A.bmp,"Il profumo è poco intenso, con una nota di freschezza che si percepisce in modo discreto. Il sapore presenta una bassa intensità, ma risulta equilibrato, senza picchi marcati. La texture è fine e leggermente friabile, mentre la struttura della pasta si presenta con una microocchiatura ben distribuita. Il colore della pasta è paglierino ove chiaro. [FINE]",3,2,944,2026-03-09T17:49:55.933451
TN306_2018-11-21,2018,TN306,2018-11-21,07_captioning risultati grana Trentino\TrentinGrana\2018-2019_Trentingrana\2018-11-21\P3a_306_fetta.bmp,07_captioning risultati grana Trentino\TrentinGrana\2018-2019_Trentingrana\2018-11-21\P3a_306_grana.bmp,"Il profumo è intenso, equilibrato e caratteristico del grana, con note di fungo e latticini freschi, accompagnato da un piacevole sentore di latte cotto. Il sapore si presenta leggermente acido e piccante, con una salinità marcata e una leggera amarezza, risultando nel complesso molto sapido. L'aroma rivela sentori di grana e fieno, con note fermentate e un accenno di tostato, sebbene alcuni panelisti abbiano notato un retrogusto di mandorla amara e brodo animale. La texture è asciutta e granulosa, con pochi cristalli, mentre la struttura della pasta mostra una ruvida microocchiatura centrale e una presenza di fessurazioni, con una grana grossolana e aree spugnose. Il colore della pasta è disomogeneo, con leggeri aloni rosa centrali e sfumature che variano dal giallo verde al giallo carico. Lo spessore della crosta è sottile, con una media di 8 mm.",7,10,1641,2026-03-09T17:50:00.850344
TN316_2019-09-25,2019,TN316,2019-09-25,07_captioning risultati grana Trentino\TrentinGrana\2019-2020_Trentingrana\I bimestre\2019-09-25_Seduta_04\P4a_TN316_Fetta.bmp,07_captioning risultati grana Trentino\TrentinGrana\2019-2020_Trentingrana\I bimestre\2019-09-25_Seduta_04\P4a_TN316_Grana.bmp,"Il profumo è caratterizzato da una nota vegetale balsamica, ma con un'intensità bassissima che risulta troppo delicata. L'aroma presenta una leggera sfumatura di cipolla. La texture della pasta è ruvida, con molte fratture sia piccole sotto piatto che grandi centrali, e si presenta sfogliata, con una piccola area spagnola concentrata su uno scalzo. Il colore della pasta mostra molte macchie rosa che conferiscono una particolare fascia. Lo spessore della crosta è disomogeneo, con evidenti rosure.",5,7,1073,2026-03-09T17:50:03.929966
TN338_2019-09-25,2019,TN338,2019-09-25,07_captioning risultati grana Trentino\TrentinGrana\2019-2020_Trentingrana\I bimestre\2019-09-25_Seduta_04\P6a_TN338_Fetta.bmp,07_captioning risultati grana Trentino\TrentinGrana\2019-2020_Trentingrana\I bimestre\2019-09-25_Seduta_04\P6a_TN338_Grana.bmp,"Il profumo è acre. Il sapore presenta una tendenza dolce prevalente con una leggera astringenza. La struttura della pasta è stirata nella zona centrale, ma si evidenzia un'assenza di grana.",3,3,904,2026-03-09T17:50:05.885675
TN305_2020-09-09,2020,TN305,2020-09-09,07_captioning risultati grana Trentino\TrentinGrana\2020-2021_Trentingrana\I bimestre\2020-09-09_Seduta_02\P2a_TN305_Fetta.bmp,07_captioning risultati grana Trentino\TrentinGrana\2020-2021_Trentingrana\I bimestre\2020-09-09_Seduta_02\P2a_TN305_Grana.bmp,"Il profumo è intenso, con note di nostrano e un leggero latte cotto. Il sapore è solo leggermente pronunciato. La texture presenta un occhio centrale di 2 cm di diametro e risulta poco granulosa. [FINE]",4,4,940,2026-03-09T17:50:07.751511
TN326_2021-02-03,2020,TN326,2021-02-03,07_captioning risultati grana Trentino\TrentinGrana\2020-2021_Trentingrana\IV bimestre\2021-02-03_Seduta_20\P6_TN326_231_FETTA_A.bmp,07_captioning risultati grana Trentino\TrentinGrana\2020-2021_Trentingrana\IV bimestre\2021-02-03_Seduta_20\P6_TN326_231_GRANA_A.bmp,"Il profumo è inizialmente caratterizzato da un odore non gradevole, che però scompare rapidamente. Il sapore risulta salato e acido, con una sensazione allappante, presentando una media complessità. La texture è leggermente poco solubile e faticosa. La struttura della pasta mostra innumerevoli spacchi e piccolissime fessure sul lato destro. Il colore della pasta presenta un leggero alone arancio dato dalla crosta.",5,6,1049,2026-03-09T17:50:10.452931
TN304_2022-05-18,2021,TN304,2022-05-18,07_captioning risultati grana Trentino\TrentinGrana\2021-2022_Trentingrana\2022-05-18_Seduta_26\P2a_TN304_234_fetta.bmp,07_captioning risultati grana Trentino\TrentinGrana\2021-2022_Trentingrana\2022-05-18_Seduta_26\P2a_TN304_234_grana.bmp,"Il profumo è minerale, con sentori di roccia. Il sapore risulta amaro ma insipido, mentre l'aroma si presenta piuttosto debole. La texture è molto asciutta.",4,2,906,2026-03-09T17:50:12.158335
TN319_2020-12-18,2020,TN319,2020-12-18,07_captioning risultati grana Trentino\TrentinGrana\2020-2021_Trentingrana\III bimestre\2020-12-18_Seduta_16\P3_TN319_637_FETTA_A.bmp,07_captioning risultati grana Trentino\TrentinGrana\2020-2021_Trentingrana\III bimestre\2020-12-18_Seduta_16\P3_TN319_637_GRANA_A.bmp,"Il profumo è assente. Il sapore risulta non dolce, con una nota di salinità eccessiva — difetto. L'aroma è poco piacevole e persistente. La texture ingrossa un pochetto, risultando molto compatta. La struttura della pasta presenta una parte centrale non strutturata. Il colore della pasta non è stato commentato. La crosta presenta un sottocrosta tendente al verde.",5,3,1001,2026-03-09T17:50:14.401983
TN314_2018-09-12,2018,TN314,2018-09-12,07_captioning risultati grana Trentino\TrentinGrana\2018-2019_Trentingrana\2018-09-12\P4a_314_fetta.bmp,07_captioning risultati grana Trentino\TrentinGrana\2018-2019_Trentingrana\2018-09-12\P4a_314_grana.bmp,"Il profumo è vegetale balsamico con note di brodo vegetale e burro fuso, accompagnato da sentori di latte cotto e un leggero sottobosco tostato. Il sapore tende all'amaro, con una leggera salinità e piccantezza, mentre prevale un'acidità equilibrata. L'aroma richiama la panna nostrana e il cotto, con una nota di siero. La texture è compatta e poco solubile, con una certa morbidezza e presenza di cristalli, risultando gommosa. La struttura della pasta è stirata, con frattura omogenea e una certa ruvidità che si perde verso il centro. Il colore della pasta è decisamente carico, con tonalità gialle sature e omogenee. Lo spessore della crosta è medio, variando tra 10 e 13 mm.",7,8,1540,2026-03-09T17:50:18.852318
TN305_2022-06-22,2021,TN305,2022-06-22,07_captioning risultati grana Trentino\TrentinGrana\2021-2022_Trentingrana\2022-06-22_Seduta_30\P2a_TN305_727_Fetta.bmp,07_captioning risultati grana Trentino\TrentinGrana\2021-2022_Trentingrana\2022-06-22_Seduta_30\P2a_TN305_727_Grana.bmp,La texture è ingozza. La struttura della pasta presenta una consistenza scagliosa sotto un piatto. Lo spessore della crosta è caratterizzato da un colore di fondo carico.,3,2,887,2026-03-09T17:50:20.367032
TN338_2021-02-10,2020,TN338,2021-02-10,07_captioning risultati grana Trentino\TrentinGrana\2020-2021_Trentingrana\IV bimestre\2021-02-10_Seduta_21\P6_TN338_211_FETTA_A.bmp,07_captioning risultati grana Trentino\TrentinGrana\2020-2021_Trentingrana\IV bimestre\2021-02-10_Seduta_21\P6_TN338_211_GRANA_A.bmp,"Il profumo è intenso, con note di sedano e frutta come mela e pesca, anche se alcuni lo trovano eccessivamente vegetale cotto. Il sapore risulta acido su tutta la gamma. La texture è percepita come strana. La struttura della pasta presenta una frattura irregolare, con una pasta molto legata e compatta; il cuore si differenzia dalla periferia, mostrando una buona presenza di grana, anche se si nota una certa irregolarità. Il colore della pasta presenta un alone leggero. [FINE]",5,3,1060,2026-03-09T17:50:23.281146
TN307_2022-06-22,2021,TN307,2022-06-22,07_captioning risultati grana Trentino\TrentinGrana\2021-2022_Trentingrana\2022-06-22_Seduta_30\P3a_TN307_911_Fetta.bmp,07_captioning risultati grana Trentino\TrentinGrana\2021-2022_Trentingrana\2022-06-22_Seduta_30\P3a_TN307_911_Grana.bmp,"Il sapore è disturbante. La struttura della pasta si presenta ottima al centro, ma risulta diversa in periferia, con una consistenza ruvida e una sensazione di falsamente granulosa, impaccata. Il colore della pasta è bianco pallido con un alone. [FINE]",3,4,935,2026-03-09T17:50:25.465849
TN330_2020-12-02,2020,TN330,2020-12-02,07_captioning risultati grana Trentino\TrentinGrana\2020-2021_Trentingrana\III bimestre\2020-12-02_Seduta_13\P6_TN330_126_FETTA_A.bmp,07_captioning risultati grana Trentino\TrentinGrana\2020-2021_Trentingrana\III bimestre\2020-12-02_Seduta_13\P6_TN330_126_GRANA_A.bmp,"Il profumo è caratterizzato da una nota di alcool. Il sapore risulta bruciante e presenta una componente umana, risultando eccessivo. La texture si presenta con piccole fessure sotto un piatto e una bella microocchiatura, ma evidenzia anche fessure. [FINE]",4,4,968,2026-03-09T17:50:27.607218
TN302_2020-12-09,2020,TN302,2020-12-09,07_captioning risultati grana Trentino\TrentinGrana\2020-2021_Trentingrana\III bimestre\2020-12-09_Seduta_14\P1_TN302_390_FETTA_A.bmp,07_captioning risultati grana Trentino\TrentinGrana\2020-2021_Trentingrana\III bimestre\2020-12-09_Seduta_14\P1_TN302_390_GRANA_A.bmp,"Il profumo è caratterizzato da note di yogurt alla frutta. Il sapore si presenta con una leggera piccantezza e una nota sapida. L'aroma è lievemente percepibile. La texture ingozza nel finale, mostrando una bella struttura. La struttura della pasta è descritta come disidratata, soprattutto nei piatti. Il colore della pasta non è proprio paglierino. [FINE]",6,3,1018,2026-03-09T17:50:30.001315
TN314_2020-12-02,2020,TN314,2020-12-02,07_captioning risultati grana Trentino\TrentinGrana\2020-2021_Trentingrana\III bimestre\2020-12-02_Seduta_13\P4_TN314_713_FETTA_A.bmp,07_captioning risultati grana Trentino\TrentinGrana\2020-2021_Trentingrana\III bimestre\2020-12-02_Seduta_13\P4_TN314_713_GRANA_A.bmp,"Il profumo è caratterizzato da un'intensità moderata. Il sapore si presenta non dolce, con salato e amaro che spiccano leggermente. La struttura della pasta mostra microocchiature in striscia sottile, ma presenta anche spacchi e fessure su una parte della forma, compromettendo una struttura che altrimenti sarebbe buona, evidenziando segni di disidratazione e qualche fessura.",3,3,992,2026-03-09T17:50:32.387860
TN319_2019-01-16,2018,TN319,2019-01-16,07_captioning risultati grana Trentino\TrentinGrana\2018-2019_Trentingrana\2019-01-16\P4a_319_fetta.bmp,07_captioning risultati grana Trentino\TrentinGrana\2018-2019_Trentingrana\2019-01-16\P4a_319_grana.bmp,"Il profumo è poco intenso e monotono, con note di brodo di carne, burro e panna, accompagnate da un leggero tostato. Il sapore presenta una sapidità contenuta e un umami marcato, con un equilibrio che tende verso una leggera nota piccante e un finale amaro. L'aroma è poco caratteristico, con sentori vegetali e di brodo di carne, e una predominanza di latte cotto e burro fuso. La texture è quasi gommosa, poco granulosa ma solubile, con una presenza di cristalli e una certa pastosità. La struttura della pasta è stirata, con microocchiature e fratture arrotondate. Il colore della pasta è carico, con tonalità grigiastre e macchie rosa non piccole. Lo spessore della crosta è variabile, con una parte molto sottile nei piatti e più spessa sugli scalzi.",7,11,2017,2026-03-09T17:50:37.052556
TN316_2020-09-16,2020,TN316,2020-09-16,07_captioning risultati grana Trentino\TrentinGrana\2020-2021_Trentingrana\I bimestre\2020-09-16_Seduta_03\P4a_TN316_Fetta.bmp,07_captioning risultati grana Trentino\TrentinGrana\2020-2021_Trentingrana\I bimestre\2020-09-16_Seduta_03\P4a_TN316_Grana.bmp,"Il profumo è di media intensità, con una leggera nota di stalla che potrebbe risultare poco gradevole. La texture è caratterizzata da un certo grado di grossolanità, con uno strappo centrale di 5 cm e una fessura leggera di 1 cm, accompagnata da una piccola fessura di 4 cm. La struttura della pasta presenta un alone centrale, evidenziando una certa irregolarità. Gli angoli della crosta sono buoni.",3,5,1003,2026-03-09T17:50:39.753101
TN328_2021-01-13,2020,TN328,2021-01-13,07_captioning risultati grana Trentino\TrentinGrana\2020-2021_Trentingrana\IV bimestre\2021-01-13_Seduta_17\P5_TN328_444_FETTA_B.bmp,07_captioning risultati grana Trentino\TrentinGrana\2020-2021_Trentingrana\IV bimestre\2021-01-13_Seduta_17\P5_TN328_444_GRANA_A.bmp,"Il profumo è elegante, con note di vaniglia, burro cotto e un accenno di cioccolata e lievito. Il sapore si presenta pieno, mentre la texture è compatta. Il colore della pasta è caratterizzato da un alone appena più carico. [FINE]",4,5,946,2026-03-09T17:50:42.054570
TN313_2021-01-20,2020,TN313,2021-01-20,07_captioning risultati grana Trentino\TrentinGrana\2020-2021_Trentingrana\IV bimestre\2021-01-20_Seduta_18\P5_TN313_419_FETTA_A.bmp,07_captioning risultati grana Trentino\TrentinGrana\2020-2021_Trentingrana\IV bimestre\2021-01-20_Seduta_18\P5_TN313_419_GRANA_A.bmp,"Il profumo è di media intensità, con un sentore anomalo di nostrano e un impatto iniziale non molto buono. Il sapore risulta caratterizzato da note di nostrano, ma presenta un'amarezza eccessiva — difetto, accompagnata da una sensazione grassa. La struttura della pasta mostra una microocchiatura di 1 o 2 mm molto fitta al centro, con fessure e grappoli di occhi.",3,5,991,2026-03-09T17:50:44.505506
TN306_2018-09-12,2018,TN306,2018-09-12,07_captioning risultati grana Trentino\TrentinGrana\2018-2019_Trentingrana\2018-09-12\P2a_306_fetta.bmp,07_captioning risultati grana Trentino\TrentinGrana\2018-2019_Trentingrana\2018-09-12\P2a_306_grana.bmp,"Il profumo è buono, con note di latte cotto, burro e sentori vegetali, accompagnati da un leggero tocco di cotto e fermentato. Il sapore si presenta equilibrato, con una punta di acido e una nota dolce finale, sebbene alcuni panelisti abbiano riscontrato un amarognolo e una carenza di salato. L'aroma, simile al profumo, rivela sentori di cotto e burro, mentre in bocca emergono note amare. La texture è eccellente, con una consistenza granulosa e solubile, ben friabile e con cristalli evidenti. La struttura della pasta è grandiosa, con una frattura regolare e granulosa, più fine al centro. Il colore della pasta è leggermente carico, tendente al paglierino, con una presenza omogenea di cristalli bianchi. Lo spessore della crosta è nella norma, definita e omogenea, con una media di 9 mm.",7,8,1604,2026-03-09T17:50:48.549849
TN313_2018-09-26,2018,TN313,2018-09-26,07_captioning risultati grana Trentino\TrentinGrana\2018-2019_Trentingrana\2018-09-26\P5a_313_fetta.bmp,07_captioning risultati grana Trentino\TrentinGrana\2018-2019_Trentingrana\2018-09-26\P5a_313_grana.bmp,"Il profumo è intenso e complesso, con note di crosta di formaggio e frutta fermentata, ma non particolarmente equilibrato; si percepiscono anche sentori di latte acido e insilato di mais, accompagnati da un odore salato. Il sapore risulta salato e piccante, con una punta di amaro, ma presenta sapori un po' slegati e una piccantezza eccessiva — difetto. L'aroma in bocca è gradevole, richiamando note di formaggio cotto e crosta, ma con una componente non piacevole. La texture è granulosa, solubile e mediamente asciutta, con cristalli evidenti e una certa durezza, anche se potrebbe risultare più solubile. La struttura della pasta mostra una frattura molto irregolare e disomogenea, con presenza di microocchiature e spaccature. Il colore della pasta è giallo paglierino chiaro, tendente al rosato, con una certa omogeneità. Lo spessore della crosta è medio, con una marcatura evidente sugli angoli.",7,12,1913,2026-03-09T17:50:54.208179
TN311_2020-12-09,2020,TN311,2020-12-09,07_captioning risultati grana Trentino\TrentinGrana\2020-2021_Trentingrana\III bimestre\2020-12-09_Seduta_14\P3_TN311_554_FETTA_A.bmp,07_captioning risultati grana Trentino\TrentinGrana\2020-2021_Trentingrana\III bimestre\2020-12-09_Seduta_14\P3_TN311_554_GRANA_A.bmp,"Il profumo è caratterizzato da una nota di kiwi. Il sapore presenta una nota citrica e un accenno di cioccolata, creando un equilibrio interessante. La texture è leggermente tenera, ma mantiene una bella struttura. La struttura della pasta presenta una frattura, che ne limita la perfezione.",4,3,945,2026-03-09T17:50:56.385587
TN323_2020-01-29,2019,TN323,2020-01-29,07_captioning risultati grana Trentino\TrentinGrana\2019-2020_Trentingrana\IV bimestre\2020-01-29_Seduta_21\P5a_TN323_Fetta.bmp,07_captioning risultati grana Trentino\TrentinGrana\2019-2020_Trentingrana\IV bimestre\2020-01-29_Seduta_21\P5a_TN323_Grana.bmp,"Il profumo è caratterizzato da sentori tostati e cotti. Il sapore risulta poco umano e salato, mentre l'aroma presenta un glutammato dominante. La texture è ingozza, con una struttura della pasta che mostra una frattura radiale diffusa al centro e una parte spugnosa vicino alla fessura, accompagnata da una consistenza stirata vicino al taglio. Il colore della pasta non è paglierino. [FINE]",6,4,1037,2026-03-09T17:50:59.717976
TN314_2019-11-20,2019,TN314,2019-11-20,07_captioning risultati grana Trentino\TrentinGrana\2019-2020_Trentingrana\III bimestre\2019-11-20_Seduta_12\P2a_TN314_Fetta.bmp,07_captioning risultati grana Trentino\TrentinGrana\2019-2020_Trentingrana\III bimestre\2019-11-20_Seduta_12\P2a_TN314_Grana.bmp,"Il profumo è caratterizzato da una leggera nota che ricorda il gorgonzola, sebbene non penalizzabile. L'aroma presenta un richiamo al provolone o nostrano, con una leggera piccantezza. La texture è solubile, mentre la struttura della pasta risulta ruvida.",4,2,940,2026-03-09T17:51:01.938041
TN306_2020-12-02,2020,TN306,2020-12-02,07_captioning risultati grana Trentino\TrentinGrana\2020-2021_Trentingrana\III bimestre\2020-12-02_Seduta_13\P1_TN306_159_FETTA_A.bmp,07_captioning risultati grana Trentino\TrentinGrana\2020-2021_Trentingrana\III bimestre\2020-12-02_Seduta_13\P1_TN306_159_GRANA_A.bmp,"Il profumo è elegante, con una nota di kiwi. Il sapore risulta equilibrato, con anche accenni dolci. La texture è scarsa. La struttura della pasta presenta aree verdi e grigie, sebbene limitate.",4,3,938,2026-03-09T17:51:04.029800
TN311_2021-11-17,2021,TN311,2021-11-17,07_captioning risultati grana Trentino\TrentinGrana\2021-2022_Trentingrana\2021-11-17_Seduta_07\P3a_TN311_215_Fetta.bmp,07_captioning risultati grana Trentino\TrentinGrana\2021-2022_Trentingrana\2021-11-17_Seduta_07\P3a_TN311_215_Grana.bmp,"Il profumo è caratterizzato da note di burro sciolto. Il sapore presenta una leggera piccantezza, mentre l'aroma è descritto come burroso. La texture risulta molto umida. La pasta si presenta con una struttura slegata. Il colore della pasta è di un tono salmone. [FINE]",3,3,923,2026-03-09T17:51:06.069476
TN323_2020-11-04,2020,TN323,2020-11-04,07_captioning risultati grana Trentino\TrentinGrana\2020-2021_Trentingrana\II bimestre\2020-11-04_Seduta_10\P5A_TN323_198_fetta.bmp,07_captioning risultati grana Trentino\TrentinGrana\2020-2021_Trentingrana\II bimestre\2020-11-04_Seduta_10\P5A_TN323_198_grana.bmp,"Il profumo è caratterizzato da una leggera nota di stalla, percepita solo al primo impatto. La texture risulta leggermente sabbiosa, mentre la struttura della pasta presenta una grana non sviluppata in un quinto della sezione. Il colore della pasta è descritto come molto bello, con un alone leggerissimo. [FINE]",4,3,954,2026-03-09T17:51:08.097646
TN319_2022-06-22,2021,TN319,2022-06-22,07_captioning risultati grana Trentino\TrentinGrana\2021-2022_Trentingrana\2022-06-22_Seduta_30\P4a_TN319_476_Fetta.bmp,07_captioning risultati grana Trentino\TrentinGrana\2021-2022_Trentingrana\2022-06-22_Seduta_30\P4a_TN319_476_Grana.bmp,"Il profumo è assente di note tipiche del grana. Il sapore risulta piatto, senza particolari sfumature. L'aroma è caratterizzato da una presunta struttura stirata, ma complessivamente si presenta anch'esso piatto. [FINE]",3,2,904,2026-03-09T17:51:10.008543
TN310_2018-09-12,2018,TN310,2018-09-12,07_captioning risultati grana Trentino\TrentinGrana\2018-2019_Trentingrana\2018-09-12\P3a_310_fetta.bmp,07_captioning risultati grana Trentino\TrentinGrana\2018-2019_Trentingrana\2018-09-12\P3a_310_grana.bmp,"Il profumo è leggermente anomalo, con note di formaggio grigliato e tostato, panna, latte cotto e burro fuso, accompagnato da un accenno fruttato di ananas e un fermentato deciso e dolciastro. Il sapore risulta salato, con una leggera presenza di umami, ma presenta anche un amaro e un'acidità che compromettono la rotondità e la pienezza, lasciando una persistenza non positiva. L'aroma è complesso, con una nota di tostato persistente e sentori di latte cotto e animale, sebbene non tipico del grana. La texture è granuolosa e asciutta, con cristalli percepibili, mentre la struttura della pasta appare granulosa e non omogenea, con fratture non ottimali e zone stirate. Il colore della pasta è carico, non omogeneo, con toni grigiasti e rosati, e presenta un'intensità maggiore al centro. Lo spessore della crosta è abbastanza omogeneo, con misure variabili intorno ai 10-12 mm.",7,8,1628,2026-03-09T17:51:15.624251
TN323_2021-11-24,2021,TN323,2021-11-24,07_captioning risultati grana Trentino\TrentinGrana\2021-2022_Trentingrana\2021-11-24_Seduta_08\P3a_TN323_541_Fetta.bmp,07_captioning risultati grana Trentino\TrentinGrana\2021-2022_Trentingrana\2021-11-24_Seduta_08\P3a_TN323_541_Grana.bmp,"Il profumo è caratterizzato da note delicate e fresche, con una leggera intensità. Il sapore si presenta equilibrato, con una leggera piccantezza che arricchisce l'esperienza gustativa. L'aroma è di polvere, conferendo una sensazione di rusticità. La texture è friabile, mentre la struttura della pasta mostra una microocchiatura veramente minima, quasi inesistente. Il colore della pasta non è proprio paglierino. [FINE]",3,2,948,2026-03-09T17:51:18.170933
TN306_2019-03-13,2018,TN306,2019-03-13,07_captioning risultati grana Trentino\TrentinGrana\2018-2019_Trentingrana\2019-03-13\P2a_306_fetta.bmp,07_captioning risultati grana Trentino\TrentinGrana\2018-2019_Trentingrana\2019-03-13\P2a_306_grana.bmp,"Il profumo è moderato, con note di latte UHT, burro sciolto e lievi accenni di cavolfiore, accompagnato da un bouquet di lattici cotti e fermentato vegetale. Il sapore risulta salato, con una leggera piccantezza e un accenno di amaro, ma poco bilanciato, mentre l'aroma si presenta con note di panna e burro fuso, pur mostrando una certa complessità lattica. La texture è friabile, con cristalli, ma lascia un residuo sabbioso al palato, evidenziando una consistenza poco solubile. La struttura della pasta mostra una grana grossolana e una frattura regolare, ma asciutta in alcuni punti, mentre il colore della pasta è carico, con un evidente alone centrale. Lo spessore della crosta è piuttosto spesso, con variazioni tra le diverse facce.",7,11,1909,2026-03-09T17:51:23.225185
TN326_2018-10-03,2018,TN326,2018-10-03,07_captioning risultati grana Trentino\TrentinGrana\2018-2019_Trentingrana\2018-10-03\P5a_326_fetta.bmp,07_captioning risultati grana Trentino\TrentinGrana\2018-2019_Trentingrana\2018-10-03\P5a_326_grana.bmp,"Il profumo è mediamente intenso, con note lattiche che si intrecciano a sentori floreali e vegetali di paglia, accompagnati da leggere sfumature tostate e di frutta fermentata. Il sapore presenta un equilibrio tra salato e dolce, con una debole piccantezza e un finale leggermente amaro, risultando a tratti acido e persistente. L'aroma, mediamente intenso, richiama il formaggio cotto e la crosta, con accenni di burro e fermentato, sebbene non risulti tipico del grana. La texture è granulosa e solubile, con una leggera sabbiosità in chiusura, mostrando anche caratteristiche pastose e adesive. La struttura della pasta si presenta non omogenea, con fratture e microocchiature, e una leggera stiratura. Il colore della pasta è disomogeneo, con macchie rosa e un alone centrale più scuro. Lo spessore della crosta è ben definito, con spigoli di circa 15 mm e una parte scalza di 7 mm, risultando sottile e fine nel complesso.",7,11,1899,2026-03-09T17:51:28.533492
TN302_2022-04-06,2021,TN302,2022-04-06,07_captioning risultati grana Trentino\TrentinGrana\2021-2022_Trentingrana\2022-04-06_Seduta_23\P1a_TN302_756_fetta.bmp,07_captioning risultati grana Trentino\TrentinGrana\2021-2022_Trentingrana\2022-04-06_Seduta_23\P1a_TN302_756_grana.bmp,Il profumo è assente. Il sapore è bruciante — difetto. La texture presenta scagliette e non granuli. La struttura della pasta mostra microfratture diffuse. [FINE],4,4,911,2026-03-09T17:51:30.189633
TN302_2020-12-18,2020,TN302,2020-12-18,07_captioning risultati grana Trentino\TrentinGrana\2020-2021_Trentingrana\III bimestre\2020-12-18_Seduta_16\P1_TN302_275_FETTA_A.bmp,07_captioning risultati grana Trentino\TrentinGrana\2020-2021_Trentingrana\III bimestre\2020-12-18_Seduta_16\P1_TN302_275_GRANA_A.bmp,"Il profumo è pungente, con note di polvere e una leggera sensazione di bruciato. Il sapore risulta eccessivamente salato, con un accenno di sapidità che non riesce a bilanciare la predominanza del sale. La struttura della pasta presenta molte piccole fratture, evidenziando una certa fragilità. Il colore della pasta è chiaro, non raggiungendo la tonalità paglierina tipica. Lo spessore della crosta è superiore a 1 cm.",5,4,1028,2026-03-09T17:51:33.318968
TN302_2020-10-21,2020,TN302,2020-10-21,07_captioning risultati grana Trentino\TrentinGrana\2020-2021_Trentingrana\II bimestre\2020-10-21_Seduta_08\P1A_TN302_546_FETTA.bmp,07_captioning risultati grana Trentino\TrentinGrana\2020-2021_Trentingrana\II bimestre\2020-10-21_Seduta_08\P1A_TN302_546_GRANA.bmp,"Il profumo è pungente, con note di polvere e una percezione di troppa crosta. Il sapore risulta molto squilibrato e troppo salato. L'aroma presenta una nota di sapone. La texture non evidenzia cristalli molto grossi o perle.  [FINE]",4,3,950,2026-03-09T17:51:35.396668
TN305_2020-10-28,2020,TN305,2020-10-28,07_captioning risultati grana Trentino\TrentinGrana\2020-2021_Trentingrana\II bimestre\2020-10-28_Seduta_09\P2A_TN305_852_FETTA.bmp,07_captioning risultati grana Trentino\TrentinGrana\2020-2021_Trentingrana\II bimestre\2020-10-28_Seduta_09\P2A_TN305_852_GRANA.bmp,"Il profumo è caratterizzato da una sfumatura non gradevole. Il sapore è dominato da una nota acida. L'aroma richiama il sapone. La texture è ingozzante. La struttura della pasta presenta un occhio centrale visibile, con leggere striature e microocchiature, una frattura e un occhio di calore di 5 mm al centro, circondato da una zona spugnosa, oltre a un occhio di quasi 1 cm. Il colore della pasta mostra un alone rosato localizzato al centro, con una macchia centrale marroncina, tonalità rosa e nocciola nel centro e una grossa macchia scura irregolare. Lo spessore della crosta è fine.",7,6,1182,2026-03-09T17:51:39.728500
TN330_2020-09-23,2020,TN330,2020-09-23,07_captioning risultati grana Trentino\TrentinGrana\2020-2021_Trentingrana\I bimestre\2020-09-23_Seduta_04\P6a_TN330_Fetta.bmp,07_captioning risultati grana Trentino\TrentinGrana\2020-2021_Trentingrana\I bimestre\2020-09-23_Seduta_04\P6a_TN330_Grana.bmp,"Il profumo è caratterizzato da una discreta intensità, con note leggermente fermentate e una percezione della crosta in senso positivo. Il sapore risulta deciso ed equilibrato, ma presenta anche una nota di eccesso di sale — difetto. L'aroma richiama la paglia, mentre la texture è molto asciutta, quasi secca. La struttura della pasta si presenta ruvida. [FINE]",6,7,1037,2026-03-09T17:51:42.343236
TN305_2019-02-06,2018,TN305,2019-02-06,07_captioning risultati grana Trentino\TrentinGrana\2018-2019_Trentingrana\2019-02-06\P2a_305_fetta.bmp,07_captioning risultati grana Trentino\TrentinGrana\2018-2019_Trentingrana\2019-02-06\P2a_305_grana.bmp,"Il profumo è caratterizzato da note di burro e panna, con un leggero sentore di frutta secca e vegetali freschi, accompagnato da un'intensità buona di tostato e latte cotto. Il sapore risulta salato e leggermente piccante, con accenni di amaro e una sapidità elevata, sebbene non sempre equilibrato. L'aroma presenta un piacevole sentore di cotto e panna, con note lattiche e di verdura cotta. La texture è morbida e umida, con cristalli presenti ma poco solubili, mentre la struttura della pasta si presenta stirata con una microocchiatura leggera e una frattura regolare. Il colore della pasta è giallo carico con un alone centrale più scuro, mentre lo spessore della crosta è mediamente di 10 mm.",7,12,1920,2026-03-09T17:51:46.628515
TN304_2020-02-19,2019,TN304,2020-02-19,07_captioning risultati grana Trentino\TrentinGrana\2019-2020_Trentingrana\IV bimestre\2020-02-19_Seduta_24\P2a_TN304_Fetta.bmp,07_captioning risultati grana Trentino\TrentinGrana\2019-2020_Trentingrana\IV bimestre\2020-02-19_Seduta_24\P2a_TN304_Grana.bmp,"Il profumo è caratterizzato da una leggera nota di frutta secca, con una sfumatura di burro. Il sapore risulta equilibrato, con una leggera piccantezza che si fa apprezzare. L'aroma è poco complesso, con una nota di glutammato prevalente. La texture è disidratata, conferendo al formaggio una sensazione di leggerezza al palato. [FINE]",3,3,945,2026-03-09T17:51:49.775649
TN323_2019-11-27,2019,TN323,2019-11-27,07_captioning risultati grana Trentino\TrentinGrana\2019-2020_Trentingrana\III bimestre\2019-11-27_Seduta_13\P5a_TN323_Fetta.bmp,07_captioning risultati grana Trentino\TrentinGrana\2019-2020_Trentingrana\III bimestre\2019-11-27_Seduta_13\P5a_TN323_Grana.bmp,"Il profumo è poco intenso. La texture è compatta, poco friabile. La struttura della pasta presenta una parte centrale spugnosa.",3,3,868,2026-03-09T17:51:51.297735
TN305_2019-02-27,2018,TN305,2019-02-27,07_captioning risultati grana Trentino\TrentinGrana\2018-2019_Trentingrana\2019-02-27\P2a_305_fetta.bmp,07_captioning risultati grana Trentino\TrentinGrana\2018-2019_Trentingrana\2019-02-27\P2a_305_grana.bmp,"Il profumo è caratterizzato da note animali e di stalla, con una forte intensità che ricorda il latte e un accenno di brodo vegetale, panna e burro; tuttavia, risulta poco caratteristico e presenta sfumature putride e di frutta fermentata. Il sapore è leggermente salato, con una dolcezza emergente e una lieve acidità, ma risulta poco equilibrato, con un umami e una piccantezza evidenti. L'aroma è medio-alto, con richiami a crosta di muffa e formaggi come taleggio e gorgonzola, ma non tipico del grana, mostrando anche una leggera nota stantia. La texture è morbida e poco granulosa, con una solubilità limitata, mentre la struttura della pasta è stirata, con microocchiature presenti ma non ben definite, risultando difettosa in alcuni punti. Il colore della pasta è carico e omogeneo, tendente al nocciola. Lo spessore della crosta è nella media, disomogeneo e sfumato, con una misura di circa 11 mm.",7,8,1737,2026-03-09T17:51:55.943338
TN313_2019-12-18,2019,TN313,2019-12-18,07_captioning risultati grana Trentino\TrentinGrana\2019-2020_Trentingrana\III bimestre\2019-12-18_Seduta_17\P3a_TN313_Fetta.bmp,07_captioning risultati grana Trentino\TrentinGrana\2019-2020_Trentingrana\III bimestre\2019-12-18_Seduta_17\P3a_TN313_Grana.bmp,"Il profumo è debolissimo. Lo sapore presenta note metalliche. La struttura della pasta mostra una grossa fessura, con presenza di taglio e una fessura di 3 cm.",3,4,897,2026-03-09T17:51:57.741676
TN319_2018-10-24,2018,TN319,2018-10-24,07_captioning risultati grana Trentino\TrentinGrana\2018-2019_Trentingrana\2018-10-24\P4a_319_fetta.bmp,07_captioning risultati grana Trentino\TrentinGrana\2018-2019_Trentingrana\2018-10-24\P4a_319_grana.bmp,"Il profumo è gradevole, con note di burro fuso e frutta secca tostata, accompagnato da un delicato sentore floreale e vegetale. Il sapore presenta una punta di amaro e una leggera piccantezza, risultando salato e pungente, ma equilibrato. L'aroma è caratterizzato da un leggero sentore di bruciato e note stallatiche, con un accenno di caramello e latte cotto. La texture si presenta dura e asciutta, con una buona friabilità, sebbene risulti poco cristallina e talvolta farinoso. La struttura della pasta è stirata, con microocchiature abbondanti e una frattura a arco, ma presenta anche difetti di spugnoso e liscia. Il colore della pasta è carico e uniforme, con sfumature più chiare in alcune zone. Lo spessore della crosta è medio, variando tra 9 e 12 mm.",7,12,1748,2026-03-09T17:52:01.777877
TN306_2019-12-11,2019,TN306,2019-12-11,07_captioning risultati grana Trentino\TrentinGrana\2019-2020_Trentingrana\III bimestre\2019-12-11_Seduta_16\P3a_TN306_Fetta.bmp,07_captioning risultati grana Trentino\TrentinGrana\2019-2020_Trentingrana\III bimestre\2019-12-11_Seduta_16\P3a_TN306_Grana.bmp,"Il profumo è caratterizzato da note di ananas e pompelmo, accompagnate da un accento vegetale balsamico. Il sapore presenta una particolare sensibilità al fermentato, che si riflette nell'aroma. La texture non è granulosa e si scioglie piacevolmente al palato. [FINE]",4,4,951,2026-03-09T17:52:06.501466
TN307_2019-02-27,2018,TN307,2019-02-27,07_captioning risultati grana Trentino\TrentinGrana\2018-2019_Trentingrana\2019-02-27\P3a_307_fetta.bmp,07_captioning risultati grana Trentino\TrentinGrana\2018-2019_Trentingrana\2019-02-27\P3a_307_grana.bmp,"Il profumo è caratterizzato da una leggera intensità, con note floreali e vegetali che si intrecciano a sentori di latte acido e panna acida, ma presenta anche elementi ossidati e fermentati, risultando in un bouquet delicato ma non privo di difetti. Il sapore si distingue per una predominanza di piccante e amaro, con una nota acida che risulta quasi rinfrescante, ma complessivamente è caratterizzato da una certa insoddisfazione, con un finale amaro e una dolcezza quasi assente. L'aroma non risulta tipico del Grana, con eccessive note lattiche cotte e un retrogusto di latte acido. La texture è friabile e solubile, con granuli di tirosina presenti, sebbene alcuni panelisti abbiano notato una strana cedevolezza e un'assenza di cristalli. La struttura della pasta mostra una microocchiatura ruvida e una grana grossolana, con fratture regolari ma una distribuzione di occhiatura piuttosto variabile. Il colore della pasta è chiaro e omogeneo, con toni paglierini carichi e velature grige. Lo spessore della crosta è disomogeneo, con una media di circa 8 mm, risultando spessa in alcune aree.",7,8,1885,2026-03-09T17:52:12.839085
